<application>
  <component name="CodeInsightSettings">
    <option name="REFORMAT_ON_PASTE" value="1" />
    <option name="INDENT_TO_CARET_ON_PASTE" value="true" />
  </component>
  <component name="DefaultFont">
    <option name="FONT_FAMILY" value="Fira Code" />
    <option name="USE_LIGATURES" value="true" />
  </component>
  <component name="InspectionProfileManager">
    <info color="8be">
      <option name="BACKGROUND" value="e52" />
      <option name="ERROR_STRIPE_COLOR" value="8be" />
      <option name="myName" value="duplicated" />
      <option name="myVal" value="50" />
      <option name="myExternalName" value="duplicated" />
      <option name="myDefaultAttributes">
        <option name="ERROR_STRIPE_COLOR" value="8be" />
      </option>
    </info>
    <list size="8">
      <item index="0" class="java.lang.String" itemvalue="INFORMATION" />
      <item index="1" class="java.lang.String" itemvalue="duplicated" />
      <item index="2" class="java.lang.String" itemvalue="TYPO" />
      <item index="3" class="java.lang.String" itemvalue="SERVER PROBLEM" />
      <item index="4" class="java.lang.String" itemvalue="WEAK WARNING" />
      <item index="5" class="java.lang.String" itemvalue="INFO" />
      <item index="6" class="java.lang.String" itemvalue="WARNING" />
      <item index="7" class="java.lang.String" itemvalue="ERROR" />
    </list>
  </component>
</application>