<application>
  <component name="CodeInsightSettings">
    <option name="REFORMAT_ON_PASTE" value="1" />
    <option name="INDENT_TO_CARET_ON_PASTE" value="true" />
  </component>
  <component name="DefaultFont">
    <option name="FONT_FAMILY" value="Fira Code" />
    <option name="USE_LIGATURES" value="true" />
  </component>
  <component name="EditorSettings">
    <option name="languageBreadcrumbsMap">
      <map>
        <entry key="Python" value="true" />
      </map>
    </option>
    <option name="USE_SOFT_WRAPS" value="PREVIEW" />
    <option name="SHOW_BREADCRUMBS_ABOVE" value="true" />
    <option name="SHOW_BREADCRUMBS" value="false" />
    <option name="BIDI_TEXT_DIRECTION" value="LTR" />
  </component>
  <component name="InspectionProfileManager">
    <info color="8be">
      <option name="BACKGROUND" value="e52" />
      <option name="ERROR_STRIPE_COLOR" value="8be" />
      <option name="myName" value="duplicated" />
      <option name="myVal" value="50" />
      <option name="myExternalName" value="duplicated" />
      <option name="myDefaultAttributes">
        <option name="ERROR_STRIPE_COLOR" value="8be" />
      </option>
    </info>
    <list size="13">
      <item index="0" class="java.lang.String" itemvalue="INFORMATION" />
      <item index="1" class="java.lang.String" itemvalue="TEXT ATTRIBUTES" />
      <item index="2" class="java.lang.String" itemvalue="STYLE_SUGGESTION" />
      <item index="3" class="java.lang.String" itemvalue="STYLE_WARNING" />
      <item index="4" class="java.lang.String" itemvalue="STYLE_ERROR" />
      <item index="5" class="java.lang.String" itemvalue="GRAMMAR_ERROR" />
      <item index="6" class="java.lang.String" itemvalue="duplicated" />
      <item index="7" class="java.lang.String" itemvalue="TYPO" />
      <item index="8" class="java.lang.String" itemvalue="SERVER PROBLEM" />
      <item index="9" class="java.lang.String" itemvalue="WEAK WARNING" />
      <item index="10" class="java.lang.String" itemvalue="INFO" />
      <item index="11" class="java.lang.String" itemvalue="WARNING" />
      <item index="12" class="java.lang.String" itemvalue="ERROR" />
    </list>
  </component>
  <component name="XmlEditorOptions">
    <option name="showCssInlineColorPreview" value="true" />
  </component>
</application>