<application>
  <component name="FileTypeManager" version="18">
    <ignoreFiles list="*$py.class;*.pyc;*.pyo;*.rbc;*.yarb;*~;.DS_Store;.git;.hg;.svn;CVS;__pycache__;_svn;vssver.scc;vssver2.scc" />
    <extensionMap>
      <mapping pattern="CODEOWNERS" type="AUTO_DETECTED" />
      <mapping pattern=".npmrc" type="PLAIN_TEXT" />
      <mapping ext="jsonnet" type="PLAIN_TEXT" />
      <mapping ext="conf" type="PLAIN_TEXT" />
      <mapping ext="parquet" type="PLAIN_TEXT" />
      <removed_mapping ext="env" approved="true" type="Env File" />
      <removed_mapping ext="parquet" approved="true" type="Parquet" />
      <removed_mapping ext="pdf" approved="true" type="Native" />
      <removed_mapping ext="txt" approved="true" type="PLAIN_TEXT" />
      <mapping ext="txt" type="requirements-pro.txt" />
    </extensionMap>
  </component>
</application>