<application>
  <component name="GeneralSettings">
    <option name="showTipsOnStartup" value="false" />
    <option name="confirmExit" value="false" />
    <option name="confirmOpenNewProject2" value="0" />
  </component>
  <component name="Registry">
    <entry key="editor.minimap.enabled" value="true" />
    <entry key="ide.experimental.ui" value="false" />
    <entry key="debugger.new.tool.window.layout" value="false" />
    <entry key="idea.plugins.compatible.build" value="" />
  </component>
</application>