<application>
  <component name="ProjectJdkTable">
    <jdk version="2">
      <name value="Python 3.7" />
      <type value="Python SDK" />
      <version value="Python 3.7.7" />
      <homePath value="/usr/local/bin/python3.7" />
      <roots>
        <classPath>
          <root type="composite">
            <root url="file:///usr/local/Cellar/python/3.7.7/Frameworks/Python.framework/Versions/3.7/lib/python3.7" type="simple" />
            <root url="file:///usr/local/Cellar/python/3.7.7/Frameworks/Python.framework/Versions/3.7/lib/python3.7/lib-dynload" type="simple" />
            <root url="file:///usr/local/lib/python3.7/site-packages" type="simple" />
            <root url="file:///usr/local/bin/src/spotify-bulk-mailer" type="simple" />
            <root url="file:///usr/local/bin/src/spotify-capybara" type="simple" />
            <root url="file:///usr/local/bin/src/typecheck-nose" type="simple" />
            <root url="file://$USER_HOME$/Library/Caches/JetBrains/PyCharm2020.1/python_stubs/-1199943126" type="simple" />
            <root url="file://$APPLICATION_HOME_DIR$/plugins/python/helpers/python-skeletons" type="simple" />
            <root url="file://$APPLICATION_HOME_DIR$/plugins/python/helpers/typeshed/stdlib/3.7" type="simple" />
            <root url="file://$APPLICATION_HOME_DIR$/plugins/python/helpers/typeshed/stdlib/3" type="simple" />
            <root url="file://$APPLICATION_HOME_DIR$/plugins/python/helpers/typeshed/stdlib/2and3" type="simple" />
            <root url="file://$APPLICATION_HOME_DIR$/plugins/python/helpers/typeshed/third_party/3" type="simple" />
            <root url="file://$APPLICATION_HOME_DIR$/plugins/python/helpers/typeshed/third_party/2and3" type="simple" />
          </root>
        </classPath>
        <sourcePath>
          <root type="composite" />
        </sourcePath>
      </roots>
      <additional />
    </jdk>
    <jdk version="2">
      <name value="Python 3.7 (pr-review-slack-bot)" />
      <type value="Python SDK" />
      <version value="Python 3.7.4" />
      <homePath value="$USER_HOME$/.pyenv/versions/pr-review-slack-bot/bin/python" />
      <roots>
        <classPath>
          <root type="composite">
            <root url="file://$USER_HOME$/.pyenv/versions/3.7.4/lib/python3.7" type="simple" />
            <root url="file://$USER_HOME$/.pyenv/versions/3.7.4/lib/python3.7/lib-dynload" type="simple" />
            <root url="file://$USER_HOME$/.pyenv/versions/pr-review-slack-bot/lib/python3.7/site-packages" type="simple" />
            <root url="file://$USER_HOME$/Library/Caches/PyCharm2019.3/python_stubs/90919346" type="simple" />
            <root url="file://$APPLICATION_HOME_DIR$/plugins/python/helpers/python-skeletons" type="simple" />
            <root url="file://$APPLICATION_HOME_DIR$/plugins/python/helpers/typeshed/stdlib/3" type="simple" />
            <root url="file://$APPLICATION_HOME_DIR$/plugins/python/helpers/typeshed/stdlib/2and3" type="simple" />
            <root url="file://$APPLICATION_HOME_DIR$/plugins/python/helpers/typeshed/third_party/3" type="simple" />
            <root url="file://$APPLICATION_HOME_DIR$/plugins/python/helpers/typeshed/third_party/2and3" type="simple" />
          </root>
        </classPath>
        <sourcePath>
          <root type="composite" />
        </sourcePath>
      </roots>
      <additional ASSOCIATED_PROJECT_PATH="$USER_HOME$/programming/pr-review-slack-bot" />
    </jdk>
    <jdk version="2">
      <name value="Python 3.6 (rover-payments)" />
      <type value="Python SDK" />
      <version value="Python 3.6.5" />
      <homePath value="$USER_HOME$/.pyenv/versions/3.6.5/bin/python" />
      <roots>
        <classPath>
          <root type="composite">
            <root url="file://$USER_HOME$/.pyenv/versions/3.6.5/lib/python3.6" type="simple" />
            <root url="file://$USER_HOME$/.pyenv/versions/3.6.5/lib/python3.6/lib-dynload" type="simple" />
            <root url="file://$USER_HOME$/.pyenv/versions/3.6.5/lib/python3.6/site-packages" type="simple" />
            <root url="file://$USER_HOME$/Library/Caches/JetBrains/PyCharm2020.1/python_stubs/-1085638480" type="simple" />
            <root url="file://$APPLICATION_HOME_DIR$/plugins/python/helpers/python-skeletons" type="simple" />
            <root url="file://$APPLICATION_HOME_DIR$/plugins/python/helpers/typeshed/stdlib/3" type="simple" />
            <root url="file://$APPLICATION_HOME_DIR$/plugins/python/helpers/typeshed/stdlib/2and3" type="simple" />
            <root url="file://$APPLICATION_HOME_DIR$/plugins/python/helpers/typeshed/third_party/3" type="simple" />
            <root url="file://$APPLICATION_HOME_DIR$/plugins/python/helpers/typeshed/third_party/2and3" type="simple" />
          </root>
        </classPath>
        <sourcePath>
          <root type="composite" />
        </sourcePath>
      </roots>
      <additional ASSOCIATED_PROJECT_PATH="$USER_HOME$/programming/rover-payments" />
    </jdk>
    <jdk version="2">
      <name value="Python 3.6 (payments)" />
      <type value="Python SDK" />
      <version value="Python 3.6.7" />
      <homePath value="$USER_HOME$/.pyenv/versions/payments/bin/python" />
      <roots>
        <classPath>
          <root type="composite">
            <root url="file://$USER_HOME$/.pyenv/versions/3.6.7/lib/python3.6" type="simple" />
            <root url="file://$USER_HOME$/.pyenv/versions/3.6.7/lib/python3.6/lib-dynload" type="simple" />
            <root url="file://$USER_HOME$/.pyenv/versions/payments/lib/python3.6/site-packages" type="simple" />
            <root url="file://$USER_HOME$/programming/rover-payments/emailer" type="simple" />
            <root url="file://$USER_HOME$/programming/rover-payments/familyplan" type="simple" />
            <root url="file://$USER_HOME$/programming/rover-payments/fs-reporting" type="simple" />
            <root url="file://$USER_HOME$/programming/rover-payments/iap" type="simple" />
            <root url="file://$USER_HOME$/programming/rover-payments/monitoring" type="simple" />
            <root url="file://$USER_HOME$/programming/rover-payments/partner-ws" type="simple" />
            <root url="file://$USER_HOME$/programming/rover-payments/prepaid" type="simple" />
            <root url="file://$USER_HOME$/programming/rover-payments/prepaid-report" type="simple" />
            <root url="file://$USER_HOME$/programming/rover-payments/subscription" type="simple" />
            <root url="file://$USER_HOME$/programming/rover-payments/tax" type="simple" />
            <root url="file://$USER_HOME$/programming/rover-payments/tools" type="simple" />
            <root url="file://$USER_HOME$/programming/rover-payments/proto" type="simple" />
            <root url="file://$USER_HOME$/programming/rover-payments/schema" type="simple" />
            <root url="file://$USER_HOME$/programming/rover-payments/api" type="simple" />
            <root url="file://$USER_HOME$/programming/rover-payments/billing" type="simple" />
            <root url="file://$USER_HOME$/programming/rover-payments/checkout" type="simple" />
            <root url="file://$USER_HOME$/programming/rover-payments/discount" type="simple" />
            <root url="file://$USER_HOME$/Library/Caches/JetBrains/PyCharm2020.1/python_stubs/1412277447" type="simple" />
            <root url="file://$APPLICATION_HOME_DIR$/plugins/python/helpers/python-skeletons" type="simple" />
            <root url="file://$APPLICATION_HOME_DIR$/plugins/python/helpers/typeshed/stdlib/3" type="simple" />
            <root url="file://$APPLICATION_HOME_DIR$/plugins/python/helpers/typeshed/stdlib/2and3" type="simple" />
            <root url="file://$APPLICATION_HOME_DIR$/plugins/python/helpers/typeshed/third_party/3" type="simple" />
            <root url="file://$APPLICATION_HOME_DIR$/plugins/python/helpers/typeshed/third_party/2and3" type="simple" />
          </root>
        </classPath>
        <sourcePath>
          <root type="composite" />
        </sourcePath>
      </roots>
      <additional ASSOCIATED_PROJECT_PATH="$USER_HOME$/programming/rover-payments" />
    </jdk>
  </component>
</application>