<keymap version="1" name="macOS copy" parent="Mac OS X 10.5+">
  <action id="ActivateStructureToolWindow" />
  <action id="Annotate">
    <keyboard-shortcut first-keystroke="ctrl alt a" />
  </action>
  <action id="Arrangement.Alias.Rule.Match.Condition.Move.Up" />
  <action id="Arrangement.Rule.Match.Condition.Move.Down" />
  <action id="Arrangement.Rule.Match.Condition.Move.Up" />
  <action id="ChangesView.Diff" />
  <action id="ChooseNextSubsequentPropertyValueEditorAction">
    <keyboard-shortcut first-keystroke="meta alt down" />
  </action>
  <action id="CommentByLineComment">
    <keyboard-shortcut first-keystroke="meta slash" />
    <keyboard-shortcut first-keystroke="meta divide" />
    <keyboard-shortcut first-keystroke="meta 7" />
  </action>
  <action id="CompareTwoFiles" />
  <action id="Console.Execute.Multiline" />
  <action id="Console.Jdbc.Execute" />
  <action id="Console.TableResult.CloneRow" />
  <action id="Console.TableResult.EditValue">
    <keyboard-shortcut first-keystroke="f2" />
    <keyboard-shortcut first-keystroke="enter" />
  </action>
  <action id="Console.TableResult.NavigateAction">
    <keyboard-shortcut first-keystroke="f4" />
  </action>
  <action id="Console.TableResult.NavigateExportedAction">
    <keyboard-shortcut first-keystroke="alt f7" />
  </action>
  <action id="Console.TableResult.NextPage" />
  <action id="Console.TableResult.PreviousPage" />
  <action id="DatabaseView.CopyAction" />
  <action id="Diff.ShowDiff" />
  <action id="DirDiffMenu.SynchronizeDiff.All" />
  <action id="Django.RunManageTaskAction" />
  <action id="EditSource">
    <keyboard-shortcut first-keystroke="f4" />
  </action>
  <action id="EditorDuplicate" />
  <action id="EditorSelectWord" />
  <action id="EditorSplitLine" />
  <action id="EditorTextEnd">
    <keyboard-shortcut first-keystroke="meta end" />
    <keyboard-shortcut first-keystroke="meta down" />
  </action>
  <action id="EditorTextStart">
    <keyboard-shortcut first-keystroke="meta home" />
    <keyboard-shortcut first-keystroke="meta up" />
  </action>
  <action id="EditorUnSelectWord" />
  <action id="FileChooser.GotoDesktop" />
  <action id="GotoDeclaration">
    <keyboard-shortcut first-keystroke="meta b" />
    <mouse-shortcut keystroke="meta button1" />
    <mouse-shortcut keystroke="button2" />
    <keyboard-shortcut first-keystroke="meta enter" />
  </action>
  <action id="GotoDeclarationOnly">
    <keyboard-shortcut first-keystroke="shift ctrl meta d" />
  </action>
  <action id="GotoImplementation">
    <keyboard-shortcut first-keystroke="meta alt b" />
    <mouse-shortcut keystroke="meta alt button1" />
    <keyboard-shortcut first-keystroke="meta alt b" second-keystroke="meta enter" />
  </action>
  <action id="Jdbc.OpenEditor.DDL">
    <keyboard-shortcut first-keystroke="meta b" />
    <mouse-shortcut keystroke="meta button1" />
    <mouse-shortcut keystroke="button2" />
    <keyboard-shortcut first-keystroke="meta b" second-keystroke="meta enter" />
  </action>
  <action id="MethodDown">
    <keyboard-shortcut first-keystroke="meta alt down" />
    <keyboard-shortcut first-keystroke="alt down" />
  </action>
  <action id="MethodOverloadSwitchDown" />
  <action id="MethodOverloadSwitchUp" />
  <action id="MethodUp">
    <keyboard-shortcut first-keystroke="meta alt up" />
    <keyboard-shortcut first-keystroke="alt up" />
  </action>
  <action id="NextOccurence" />
  <action id="PreviousOccurence" />
  <action id="QuickImplementations">
    <keyboard-shortcut first-keystroke="alt space" />
    <keyboard-shortcut first-keystroke="meta y" />
    <keyboard-shortcut first-keystroke="meta space" />
  </action>
  <action id="RenameElement">
    <keyboard-shortcut first-keystroke="shift f6" />
    <keyboard-shortcut first-keystroke="alt r" />
  </action>
  <action id="RunDashboard.CopyConfiguration" />
  <action id="SearchEverywhere.NavigateToNextGroup">
    <keyboard-shortcut first-keystroke="page_down" />
  </action>
  <action id="SearchEverywhere.NavigateToPrevGroup">
    <keyboard-shortcut first-keystroke="page_up" />
  </action>
  <action id="SendEOF" />
  <action id="ServiceView.JumpToServices">
    <keyboard-shortcut first-keystroke="alt home" />
  </action>
  <action id="SetShortcutAction" />
  <action id="ShowNavBar">
    <keyboard-shortcut first-keystroke="alt home" />
  </action>
  <action id="ShowSearchHistory" />
  <action id="ShowUsages">
    <keyboard-shortcut first-keystroke="meta alt f7" />
    <keyboard-shortcut first-keystroke="meta alt f7" second-keystroke="meta enter" />
  </action>
  <action id="SmartSelect" />
  <action id="SplitVertically">
    <keyboard-shortcut first-keystroke="meta d" />
  </action>
  <action id="TableResult.GrowSelection" />
  <action id="Vcs.EditSource">
    <keyboard-shortcut first-keystroke="f4" />
  </action>
  <action id="ViewSource" />
  <action id="XDebugger.CopyWatch" />
  <action id="XDebugger.JumpToSource">
    <keyboard-shortcut first-keystroke="f4" />
  </action>
  <action id="openAssertEqualsDiff" />
</keymap>