<filetype binary="false" default_extension="md" description="Markdown" name="Markdown">
  <highlighting>
    <options>
      <option name="LINE_COMMENT" value="" />
      <option name="COMMENT_START" value="" />
      <option name="COMMENT_END" value="" />
      <option name="HEX_PREFIX" value="" />
      <option name="NUM_POSTFIXES" value="" />
    </options>
    <keywords keywords="*.md" ignore_case="false" />
  </highlighting>
  <extensionMap>
    <mapping ext="md" />
    <mapping ext="markdown" />
  </extensionMap>
</filetype>