<profile version="1.0">
  <option name="myName" value="Default" />
  <inspection_tool class="DuplicatedCode" enabled="true" level="duplicated" enabled_by_default="true" />
  <inspection_tool class="EditorConfigUnusedDeclaration" enabled="true" level="ERROR" enabled_by_default="true" />
  <inspection_tool class="PyBroadExceptionInspection" enabled="false" level="WEAK WARNING" enabled_by_default="false" />
  <inspection_tool class="PyPackageRequirementsInspection" enabled="true" level="WARNING" enabled_by_default="true">
    <option name="ignoredPackages">
      <value>
        <list size="69">
          <item index="0" class="java.lang.String" itemvalue="spotify_hermes_python3" />
          <item index="1" class="java.lang.String" itemvalue="six" />
          <item index="2" class="java.lang.String" itemvalue="werkzeug" />
          <item index="3" class="java.lang.String" itemvalue="gabito-python" />
          <item index="4" class="java.lang.String" itemvalue="oscrypto" />
          <item index="5" class="java.lang.String" itemvalue="event-definitions-protos-python" />
          <item index="6" class="java.lang.String" itemvalue="braintree" />
          <item index="7" class="java.lang.String" itemvalue="spotify-paypal" />
          <item index="8" class="java.lang.String" itemvalue="pylint" />
          <item index="9" class="java.lang.String" itemvalue="spotify-jerboa" />
          <item index="10" class="java.lang.String" itemvalue="protobuf" />
          <item index="11" class="java.lang.String" itemvalue="googleapis-common-protos" />
          <item index="12" class="java.lang.String" itemvalue="PyYAML" />
          <item index="13" class="java.lang.String" itemvalue="texttable" />
          <item index="14" class="java.lang.String" itemvalue="python-dateutil" />
          <item index="15" class="java.lang.String" itemvalue="psycopg2-binary" />
          <item index="16" class="java.lang.String" itemvalue="jsonpickle" />
          <item index="17" class="java.lang.String" itemvalue="lightstep" />
          <item index="18" class="java.lang.String" itemvalue="typecheck27" />
          <item index="19" class="java.lang.String" itemvalue="pyasn1-modules" />
          <item index="20" class="java.lang.String" itemvalue="basictracer" />
          <item index="21" class="java.lang.String" itemvalue="pycryptodomex" />
          <item index="22" class="java.lang.String" itemvalue="pyzmq" />
          <item index="23" class="java.lang.String" itemvalue="certifi" />
          <item index="24" class="java.lang.String" itemvalue="lxml" />
          <item index="25" class="java.lang.String" itemvalue="gevent" />
          <item index="26" class="java.lang.String" itemvalue="jsonschema" />
          <item index="27" class="java.lang.String" itemvalue="google-api-core" />
          <item index="28" class="java.lang.String" itemvalue="dnspython" />
          <item index="29" class="java.lang.String" itemvalue="Werkzeug" />
          <item index="30" class="java.lang.String" itemvalue="click" />
          <item index="31" class="java.lang.String" itemvalue="attrs" />
          <item index="32" class="java.lang.String" itemvalue="typing" />
          <item index="33" class="java.lang.String" itemvalue="mock" />
          <item index="34" class="java.lang.String" itemvalue="Mako" />
          <item index="35" class="java.lang.String" itemvalue="google-cloud-core" />
          <item index="36" class="java.lang.String" itemvalue="idna" />
          <item index="37" class="java.lang.String" itemvalue="pbr" />
          <item index="38" class="java.lang.String" itemvalue="decorator" />
          <item index="39" class="java.lang.String" itemvalue="spotify-capybara" />
          <item index="40" class="java.lang.String" itemvalue="SQLAlchemy" />
          <item index="41" class="java.lang.String" itemvalue="httplib2" />
          <item index="42" class="java.lang.String" itemvalue="google-cloud-storage" />
          <item index="43" class="java.lang.String" itemvalue="pyasn1" />
          <item index="44" class="java.lang.String" itemvalue="requests" />
          <item index="45" class="java.lang.String" itemvalue="importlib-metadata" />
          <item index="46" class="java.lang.String" itemvalue="Jinja2" />
          <item index="47" class="java.lang.String" itemvalue="grpc-google-iam-v1" />
          <item index="48" class="java.lang.String" itemvalue="pyrsistent" />
          <item index="49" class="java.lang.String" itemvalue="sqlparse" />
          <item index="50" class="java.lang.String" itemvalue="google-resumable-media" />
          <item index="51" class="java.lang.String" itemvalue="opentracing" />
          <item index="52" class="java.lang.String" itemvalue="spotify-python-metrics" />
          <item index="53" class="java.lang.String" itemvalue="zipp" />
          <item index="54" class="java.lang.String" itemvalue="thrift" />
          <item index="55" class="java.lang.String" itemvalue="urllib3" />
          <item index="56" class="java.lang.String" itemvalue="spotify-python-padlock-client" />
          <item index="57" class="java.lang.String" itemvalue="Flask" />
          <item index="58" class="java.lang.String" itemvalue="uritemplate" />
          <item index="59" class="java.lang.String" itemvalue="spotify-hermes-python3" />
          <item index="60" class="java.lang.String" itemvalue="spotify-protowrapper" />
          <item index="61" class="java.lang.String" itemvalue="google-cloud-pubsub" />
          <item index="62" class="java.lang.String" itemvalue="cachetools" />
          <item index="63" class="java.lang.String" itemvalue="google-api-python-client" />
          <item index="64" class="java.lang.String" itemvalue="grpcio" />
          <item index="65" class="java.lang.String" itemvalue="pytz" />
          <item index="66" class="java.lang.String" itemvalue="spotify-sqlalchemy-migrate" />
          <item index="67" class="java.lang.String" itemvalue="google-auth" />
          <item index="68" class="java.lang.String" itemvalue="spotify-payment-common" />
        </list>
      </value>
    </option>
  </inspection_tool>
  <inspection_tool class="PyPep8Inspection" enabled="true" level="ERROR" enabled_by_default="true">
    <option name="ignoredErrors">
      <list>
        <option value="E225" />
        <option value="E302" />
        <option value="E501" />
      </list>
    </option>
  </inspection_tool>
  <inspection_tool class="PyPep8NamingInspection" enabled="true" level="ERROR" enabled_by_default="true" />
  <inspection_tool class="PyUnreachableCodeInspection" enabled="true" level="ERROR" enabled_by_default="true" />
  <inspection_tool class="PyUnusedLocalInspection" enabled="true" level="ERROR" enabled_by_default="true" />
</profile>