<profile version="1.0">
  <option name="myName" value="Default" />
  <inspection_tool class="DuplicatedCode" enabled="true" level="duplicated" enabled_by_default="true" />
  <inspection_tool class="EditorConfigUnusedDeclaration" enabled="true" level="ERROR" enabled_by_default="true" />
  <inspection_tool class="Eslint" enabled="true" level="WARNING" enabled_by_default="true" />
  <inspection_tool class="HtmlUnknownAttribute" enabled="true" level="WARNING" enabled_by_default="true">
    <option name="myValues">
      <value>
        <list size="1">
          <item index="0" class="java.lang.String" itemvalue="arketyp" />
        </list>
      </value>
    </option>
    <option name="myCustomValuesEnabled" value="true" />
  </inspection_tool>
  <inspection_tool class="PyBroadExceptionInspection" enabled="false" level="WEAK WARNING" enabled_by_default="false" />
  <inspection_tool class="PyPackageRequirementsInspection" enabled="true" level="WARNING" enabled_by_default="true">
    <option name="ignoredPackages">
      <value>
        <list size="175">
          <item index="0" class="java.lang.String" itemvalue="spotify_hermes_python3" />
          <item index="1" class="java.lang.String" itemvalue="six" />
          <item index="2" class="java.lang.String" itemvalue="werkzeug" />
          <item index="3" class="java.lang.String" itemvalue="gabito-python" />
          <item index="4" class="java.lang.String" itemvalue="oscrypto" />
          <item index="5" class="java.lang.String" itemvalue="event-definitions-protos-python" />
          <item index="6" class="java.lang.String" itemvalue="braintree" />
          <item index="7" class="java.lang.String" itemvalue="spotify-paypal" />
          <item index="8" class="java.lang.String" itemvalue="pylint" />
          <item index="9" class="java.lang.String" itemvalue="spotify-jerboa" />
          <item index="10" class="java.lang.String" itemvalue="protobuf" />
          <item index="11" class="java.lang.String" itemvalue="googleapis-common-protos" />
          <item index="12" class="java.lang.String" itemvalue="PyYAML" />
          <item index="13" class="java.lang.String" itemvalue="texttable" />
          <item index="14" class="java.lang.String" itemvalue="python-dateutil" />
          <item index="15" class="java.lang.String" itemvalue="psycopg2-binary" />
          <item index="16" class="java.lang.String" itemvalue="jsonpickle" />
          <item index="17" class="java.lang.String" itemvalue="lightstep" />
          <item index="18" class="java.lang.String" itemvalue="typecheck27" />
          <item index="19" class="java.lang.String" itemvalue="pyasn1-modules" />
          <item index="20" class="java.lang.String" itemvalue="basictracer" />
          <item index="21" class="java.lang.String" itemvalue="pycryptodomex" />
          <item index="22" class="java.lang.String" itemvalue="pyzmq" />
          <item index="23" class="java.lang.String" itemvalue="certifi" />
          <item index="24" class="java.lang.String" itemvalue="lxml" />
          <item index="25" class="java.lang.String" itemvalue="gevent" />
          <item index="26" class="java.lang.String" itemvalue="jsonschema" />
          <item index="27" class="java.lang.String" itemvalue="google-api-core" />
          <item index="28" class="java.lang.String" itemvalue="dnspython" />
          <item index="29" class="java.lang.String" itemvalue="Werkzeug" />
          <item index="30" class="java.lang.String" itemvalue="click" />
          <item index="31" class="java.lang.String" itemvalue="attrs" />
          <item index="32" class="java.lang.String" itemvalue="typing" />
          <item index="33" class="java.lang.String" itemvalue="mock" />
          <item index="34" class="java.lang.String" itemvalue="Mako" />
          <item index="35" class="java.lang.String" itemvalue="google-cloud-core" />
          <item index="36" class="java.lang.String" itemvalue="idna" />
          <item index="37" class="java.lang.String" itemvalue="pbr" />
          <item index="38" class="java.lang.String" itemvalue="decorator" />
          <item index="39" class="java.lang.String" itemvalue="spotify-capybara" />
          <item index="40" class="java.lang.String" itemvalue="SQLAlchemy" />
          <item index="41" class="java.lang.String" itemvalue="httplib2" />
          <item index="42" class="java.lang.String" itemvalue="google-cloud-storage" />
          <item index="43" class="java.lang.String" itemvalue="pyasn1" />
          <item index="44" class="java.lang.String" itemvalue="requests" />
          <item index="45" class="java.lang.String" itemvalue="importlib-metadata" />
          <item index="46" class="java.lang.String" itemvalue="Jinja2" />
          <item index="47" class="java.lang.String" itemvalue="grpc-google-iam-v1" />
          <item index="48" class="java.lang.String" itemvalue="pyrsistent" />
          <item index="49" class="java.lang.String" itemvalue="sqlparse" />
          <item index="50" class="java.lang.String" itemvalue="google-resumable-media" />
          <item index="51" class="java.lang.String" itemvalue="opentracing" />
          <item index="52" class="java.lang.String" itemvalue="spotify-python-metrics" />
          <item index="53" class="java.lang.String" itemvalue="zipp" />
          <item index="54" class="java.lang.String" itemvalue="thrift" />
          <item index="55" class="java.lang.String" itemvalue="urllib3" />
          <item index="56" class="java.lang.String" itemvalue="spotify-python-padlock-client" />
          <item index="57" class="java.lang.String" itemvalue="Flask" />
          <item index="58" class="java.lang.String" itemvalue="uritemplate" />
          <item index="59" class="java.lang.String" itemvalue="spotify-hermes-python3" />
          <item index="60" class="java.lang.String" itemvalue="spotify-protowrapper" />
          <item index="61" class="java.lang.String" itemvalue="google-cloud-pubsub" />
          <item index="62" class="java.lang.String" itemvalue="cachetools" />
          <item index="63" class="java.lang.String" itemvalue="google-api-python-client" />
          <item index="64" class="java.lang.String" itemvalue="grpcio" />
          <item index="65" class="java.lang.String" itemvalue="pytz" />
          <item index="66" class="java.lang.String" itemvalue="spotify-sqlalchemy-migrate" />
          <item index="67" class="java.lang.String" itemvalue="google-auth" />
          <item index="68" class="java.lang.String" itemvalue="spotify-payment-common" />
          <item index="69" class="java.lang.String" itemvalue="httpx" />
          <item index="70" class="java.lang.String" itemvalue="greenlet" />
          <item index="71" class="java.lang.String" itemvalue="mypy" />
          <item index="72" class="java.lang.String" itemvalue="cachecontrol" />
          <item index="73" class="java.lang.String" itemvalue="python-dotenv" />
          <item index="74" class="java.lang.String" itemvalue="pre-commit" />
          <item index="75" class="java.lang.String" itemvalue="psycopg2" />
          <item index="76" class="java.lang.String" itemvalue="h11" />
          <item index="77" class="java.lang.String" itemvalue="py" />
          <item index="78" class="java.lang.String" itemvalue="astroid" />
          <item index="79" class="java.lang.String" itemvalue="python-slugify" />
          <item index="80" class="java.lang.String" itemvalue="rfc3986" />
          <item index="81" class="java.lang.String" itemvalue="types-python-slugify" />
          <item index="82" class="java.lang.String" itemvalue="markupsafe" />
          <item index="83" class="java.lang.String" itemvalue="stubs" />
          <item index="84" class="java.lang.String" itemvalue="filelock" />
          <item index="85" class="java.lang.String" itemvalue="mccabe" />
          <item index="86" class="java.lang.String" itemvalue="starlette" />
          <item index="87" class="java.lang.String" itemvalue="anyio" />
          <item index="88" class="java.lang.String" itemvalue="soupsieve" />
          <item index="89" class="java.lang.String" itemvalue="uvicorn" />
          <item index="90" class="java.lang.String" itemvalue="pyparsing" />
          <item index="91" class="java.lang.String" itemvalue="beautifulsoup4" />
          <item index="92" class="java.lang.String" itemvalue="google-crc32c" />
          <item index="93" class="java.lang.String" itemvalue="pydantic" />
          <item index="94" class="java.lang.String" itemvalue="nodeenv" />
          <item index="95" class="java.lang.String" itemvalue="iniconfig" />
          <item index="96" class="java.lang.String" itemvalue="google-cloud-secret-manager" />
          <item index="97" class="java.lang.String" itemvalue="wrapt" />
          <item index="98" class="java.lang.String" itemvalue="typing-extensions" />
          <item index="99" class="java.lang.String" itemvalue="google" />
          <item index="100" class="java.lang.String" itemvalue="deprecation" />
          <item index="101" class="java.lang.String" itemvalue="sqlalchemy" />
          <item index="102" class="java.lang.String" itemvalue="pyyaml" />
          <item index="103" class="java.lang.String" itemvalue="platformdirs" />
          <item index="104" class="java.lang.String" itemvalue="virtualenv" />
          <item index="105" class="java.lang.String" itemvalue="charset-normalizer" />
          <item index="106" class="java.lang.String" itemvalue="distlib" />
          <item index="107" class="java.lang.String" itemvalue="cfgv" />
          <item index="108" class="java.lang.String" itemvalue="msgpack" />
          <item index="109" class="java.lang.String" itemvalue="httpcore" />
          <item index="110" class="java.lang.String" itemvalue="rsa" />
          <item index="111" class="java.lang.String" itemvalue="pathspec" />
          <item index="112" class="java.lang.String" itemvalue="alembic" />
          <item index="113" class="java.lang.String" itemvalue="firebase-admin" />
          <item index="114" class="java.lang.String" itemvalue="pluggy" />
          <item index="115" class="java.lang.String" itemvalue="mypy-extensions" />
          <item index="116" class="java.lang.String" itemvalue="pycodestyle" />
          <item index="117" class="java.lang.String" itemvalue="mako" />
          <item index="118" class="java.lang.String" itemvalue="sniffio" />
          <item index="119" class="java.lang.String" itemvalue="websocket-client" />
          <item index="120" class="java.lang.String" itemvalue="flake8" />
          <item index="121" class="java.lang.String" itemvalue="docker" />
          <item index="122" class="java.lang.String" itemvalue="tomlkit" />
          <item index="123" class="java.lang.String" itemvalue="pytest-mock" />
          <item index="124" class="java.lang.String" itemvalue="google-auth-httplib2" />
          <item index="125" class="java.lang.String" itemvalue="grpcio-status" />
          <item index="126" class="java.lang.String" itemvalue="tomli" />
          <item index="127" class="java.lang.String" itemvalue="testcontainers" />
          <item index="128" class="java.lang.String" itemvalue="identify" />
          <item index="129" class="java.lang.String" itemvalue="pyflakes" />
          <item index="130" class="java.lang.String" itemvalue="pytest" />
          <item index="131" class="java.lang.String" itemvalue="text-unidecode" />
          <item index="132" class="java.lang.String" itemvalue="black" />
          <item index="133" class="java.lang.String" itemvalue="packaging" />
          <item index="134" class="java.lang.String" itemvalue="dill" />
          <item index="135" class="java.lang.String" itemvalue="python-multipart" />
          <item index="136" class="java.lang.String" itemvalue="toml" />
          <item index="137" class="java.lang.String" itemvalue="lazy-object-proxy" />
          <item index="138" class="java.lang.String" itemvalue="fastapi" />
          <item index="139" class="java.lang.String" itemvalue="pytest-httpx" />
          <item index="140" class="java.lang.String" itemvalue="google-cloud-build" />
          <item index="141" class="java.lang.String" itemvalue="proto-plus" />
          <item index="142" class="java.lang.String" itemvalue="isort" />
          <item index="143" class="java.lang.String" itemvalue="pyjwt" />
          <item index="144" class="java.lang.String" itemvalue="google-cloud-firestore" />
          <item index="145" class="java.lang.String" itemvalue="Django" />
          <item index="146" class="java.lang.String" itemvalue="mailchimp-transactional" />
          <item index="147" class="java.lang.String" itemvalue="deprecated" />
          <item index="148" class="java.lang.String" itemvalue="cffi" />
          <item index="149" class="java.lang.String" itemvalue="types-toml" />
          <item index="150" class="java.lang.String" itemvalue="opentelemetry-sdk" />
          <item index="151" class="java.lang.String" itemvalue="setuptools" />
          <item index="152" class="java.lang.String" itemvalue="pycparser" />
          <item index="153" class="java.lang.String" itemvalue="python-json-logger" />
          <item index="154" class="java.lang.String" itemvalue="pycountry" />
          <item index="155" class="java.lang.String" itemvalue="opentelemetry-instrumentation-asgi" />
          <item index="156" class="java.lang.String" itemvalue="slack-sdk" />
          <item index="157" class="java.lang.String" itemvalue="pyotp" />
          <item index="158" class="java.lang.String" itemvalue="opentelemetry-exporter-gcp-trace" />
          <item index="159" class="java.lang.String" itemvalue="opentelemetry-api" />
          <item index="160" class="java.lang.String" itemvalue="asgiref" />
          <item index="161" class="java.lang.String" itemvalue="cryptography" />
          <item index="162" class="java.lang.String" itemvalue="google-cloud-trace" />
          <item index="163" class="java.lang.String" itemvalue="opentelemetry-util-http" />
          <item index="164" class="java.lang.String" itemvalue="bcrypt" />
          <item index="165" class="java.lang.String" itemvalue="opentelemetry-semantic-conventions" />
          <item index="166" class="java.lang.String" itemvalue="opentelemetry-instrumentation-fastapi" />
          <item index="167" class="java.lang.String" itemvalue="jinja2" />
          <item index="168" class="java.lang.String" itemvalue="ruff" />
          <item index="169" class="java.lang.String" itemvalue="responses" />
          <item index="170" class="java.lang.String" itemvalue="opentelemetry-resourcedetector-gcp" />
          <item index="171" class="java.lang.String" itemvalue="opentelemetry-instrumentation" />
          <item index="172" class="java.lang.String" itemvalue="google-cloud-bigquery" />
          <item index="173" class="java.lang.String" itemvalue="pyarrow" />
          <item index="174" class="java.lang.String" itemvalue="prophet" />
        </list>
      </value>
    </option>
  </inspection_tool>
  <inspection_tool class="PyPep8Inspection" enabled="true" level="ERROR" enabled_by_default="true">
    <option name="ignoredErrors">
      <list>
        <option value="E225" />
        <option value="E302" />
        <option value="E501" />
        <option value="E402" />
      </list>
    </option>
  </inspection_tool>
  <inspection_tool class="PyPep8NamingInspection" enabled="true" level="ERROR" enabled_by_default="true" />
  <inspection_tool class="PyUnreachableCodeInspection" enabled="true" level="ERROR" enabled_by_default="true" />
  <inspection_tool class="PyUnusedLocalInspection" enabled="true" level="ERROR" enabled_by_default="true" />
</profile>